{"cameraMode":{"drawMode":0,"name":"Shaded","section":"Shading Mode"},"sceneLighting":true,"audioPlay":false,"sceneViewState":{"m_AlwaysRefresh":false,"showFog":true,"showSkybox":true,"showFlares":true,"showImageEffects":true,"showParticleSystems":true,"showVisualEffectGraphs":true,"m_FxEnabled":true},"in2DMode":false,"pivot":{"x":349.17022705078127,"y":-14.077105522155762,"z":203.89210510253907},"rotation":{"x":-0.18525825440883637,"y":0.6446302533149719,"z":-0.1651569902896881,"w":-0.7230876088142395},"size":12.308793067932129,"orthographic":false}