{"cameraMode":{"drawMode":0,"name":"Shaded","section":"Shading Mode"},"sceneLighting":true,"audioPlay":false,"sceneViewState":{"m_AlwaysRefresh":false,"showFog":true,"showSkybox":true,"showFlares":true,"showImageEffects":true,"showParticleSystems":true,"showVisualEffectGraphs":true,"m_FxEnabled":true},"in2DMode":false,"pivot":{"x":354.6512451171875,"y":-15.365850448608399,"z":190.67056274414063},"rotation":{"x":-0.11268958449363709,"y":0.8810581564903259,"z":-0.26417604088783266,"w":-0.3758324980735779},"size":13.598125457763672,"orthographic":false}